file_id,class10,name,load_hp,fs_original,n_samples_original,n_samples_12k,duration_s,n_windows_stride512,n_windows_nonoverlap
97,0,N,0,48000,243938,60985,5.082,118,59
98,0,N,1,48000,483903,120976,10.081,235,118
99,0,N,2,48000,485063,121266,10.105,235,118
100,0,N,3,48000,485643,121411,10.118,236,118
105,1,IR007,0,12000,121265,121265,10.105,235,118
106,1,IR007,1,12000,121991,121991,10.166,237,119
107,1,IR007,2,12000,122136,122136,10.178,237,119
108,1,IR007,3,12000,122917,122917,10.243,239,120
118,2,B007,0,12000,122571,122571,10.214,238,119
119,2,B007,1,12000,121410,121410,10.117,236,118
120,2,B007,2,12000,121556,121556,10.13,236,118
121,2,B007,3,12000,121556,121556,10.13,236,118
130,3,OR007,0,12000,121991,121991,10.166,237,119
131,3,OR007,1,12000,122426,122426,10.202,238,119
132,3,OR007,2,12000,121410,121410,10.117,236,118
133,3,OR007,3,12000,122571,122571,10.214,238,119
169,4,IR014,0,12000,121846,121846,10.154,236,118
170,4,IR014,1,12000,121846,121846,10.154,236,118
171,4,IR014,2,12000,121846,121846,10.154,236,118
172,4,IR014,3,12000,121701,121701,10.142,236,118
185,5,B014,0,12000,121846,121846,10.154,236,118
186,5,B014,1,12000,122136,122136,10.178,237,119
187,5,B014,2,12000,121991,121991,10.166,237,119
188,5,B014,3,12000,122136,122136,10.178,237,119
197,6,OR014,0,12000,121846,121846,10.154,236,118
198,6,OR014,1,12000,122136,122136,10.178,237,119
199,6,OR014,2,12000,121846,121846,10.154,236,118
200,6,OR014,3,12000,121991,121991,10.166,237,119
209,7,IR021,0,12000,122136,122136,10.178,237,119
210,7,IR021,1,12000,121556,121556,10.13,236,118
211,7,IR021,2,12000,121846,121846,10.154,236,118
212,7,IR021,3,12000,121991,121991,10.166,237,119
222,8,B021,0,12000,121991,121991,10.166,237,119
223,8,B021,1,12000,121701,121701,10.142,236,118
224,8,B021,2,12000,122136,122136,10.178,237,119
225,8,B021,3,12000,122136,122136,10.178,237,119
234,9,OR021,0,12000,122426,122426,10.202,238,119
235,9,OR021,1,12000,121991,121991,10.166,237,119
236,9,OR021,2,12000,122281,122281,10.19,237,119
237,9,OR021,3,12000,121991,121991,10.166,237,119
